{"openapi":"3.0.0","info":{"title":"Attend API Reference","version":"1.0","description":"Attend Website Api documentation.","termsOfService":"","license":null,"contact":[],"x-logo":{"url":"","altText":"Attend API Reference","backgroundColor":""}},"components":{"securitySchemes":{"BearerAuth":{"type":"http","scheme":"bearer","bearerFormat":"JWT"}},"schemas":[]},"servers":[{"url":"http:\/\/localhost","description":"Documentation generator server."},{"url":"http:\/\/test.example.com","description":"Test server."}],"paths":{"\/api\/user\/login":{"post":{"tags":["general"],"operationId":"User login.","description":"Logs in a user with their email and password.","requestBody":{"description":"Logs in a user with their email and password.","required":true,"content":{"application\/json":{"schema":{"type":"object","required":["email","password"],"properties":{"email":{"type":"string","example":"xB8z9uz>-A'>","description":"The user's email address."},"password":{"type":"string","example":"6()YxO,;5,8y","description":"The user's password."}},"example":{"email":"xB8z9uz>-A'>","password":"6()YxO,;5,8y"}}}}},"parameters":[],"responses":{"200":{"description":"success","content":{"application\/json":{"schema":{"type":"object","example":{"success":"Login successful","token":"ApiAuthToken","user":{"id":1,"firstname":"John","lastname":"Doe","username":"johndoe","email":"john@example.com","phone":"1234567890","gender":"MALE","created_at":"2023-09-08T12:34:56.000000Z","updated_at":"2023-09-08T12:34:56.000000Z"},"email_verified":null}}}}}},"x-code-samples":[{"lang":"Bash","source":"curl -X POST \"http:\/\/localhost\/api\/user\/login\" \n    -d \"email\"=\"xB8z9uz>-A'>\" \\\n    -d \"password\"=\"6()YxO,;5,8y\" "},{"lang":"Javascript","source":"const url = new URL(\"http:\/\/localhost\/api\/user\/login\");\n\nlet headers = {\n    \"Accept\": \"application\/json\",\n    \"Content-Type\": \"application\/json\",\n}\n\nlet body = JSON.stringify({\n    \"email\": \"xB8z9uz&gt;-A&#039;&gt;\",\n    \"password\": \"6()YxO,;5,8y\",\n})\n\nfetch(url, {\n    method: \"POST\",\n    headers: headers,\n    body: body\n})\n    .then(response => response.json())\n    .then(json => console.log(json));\n"},{"lang":"PHP","source":"$headers = [\n    \"Accept\" => \"application\/json\",\n    \"Content-Type\" => \"application\/json\",\n];\n\n$body = [\n    \"email\" =>  \"xB8z9uz&gt;-A&#039;&gt;\",\n    \"password\" =>  \"6()YxO,;5,8y\",\n];\n\n\n$ch = curl_init(\"http:\/\/localhost\/api\/user\/login\");\ncurl_setopt($ch, CURLOPT_CUSTOMREQUEST, \"POST\");\ncurl_setopt($ch, CURLOPT_POSTFIELDS, $body);\ncurl_setopt($ch, CURLOPT_HTTPHEADER, $headers);\ncurl_setopt($ch, CURLOPT_RETURNTRANSFER, true);\n\n$result = curl_exec($ch);\n$err = curl_error($ch);\ncurl_close($ch);\n\nif ($err) {\n  throw \\Exception($err);\n} else {\n  return $response;\n}\n"}]}},"\/api\/user\/register":{"post":{"tags":["general"],"operationId":"Register a new user.","description":"Registers a new user account and logs them in.","requestBody":{"description":"Registers a new user account and logs them in.","required":true,"content":{"application\/json":{"schema":{"type":"object","required":["firstname","lastname","gender","phone","password"],"properties":{"firstname":{"type":"string","example":"!K*m-M{[\\2en","description":"The user's first name (max: 40 characters)."},"lastname":{"type":"string","example":"YLGFhy}0.2t]","description":"The user's last name (max: 40 characters)."},"username":{"type":"string","example":"*OGi@qyD[pe~","description":"required|unique:users|max:50 The desired username (unique)."},"email":{"type":"string","example":"qxo3uKcx^8r.","description":"required|email|unique:users The user's email address (unique)."},"gender":{"type":"string","example":"*69Eol|k)S_n","description":"The user's gender."},"phone":{"type":"string","example":"~5\\M?:d7=nR0","description":"The user's phone number."},"password":{"type":"string","example":"Z#T\\NujpY<>]","description":"The user's password."}},"example":{"firstname":"!K*m-M{[\\2en","lastname":"YLGFhy}0.2t]","username":"*OGi@qyD[pe~","email":"qxo3uKcx^8r.","gender":"*69Eol|k)S_n","phone":"~5\\M?:d7=nR0","password":"Z#T\\NujpY<>]"}}}}},"parameters":[],"responses":{"200":{"description":"success","content":{"application\/json":{"schema":{"type":"object","example":{"success":"Registration Successful","token":"ApiAuthToken","user":{"id":1,"firstname":"John","lastname":"Doe","username":"johndoe","email":"john@example.com","phone":"1234567890","gender":"MALE","created_at":"2023-09-08T12:34:56.000000Z","updated_at":"2023-09-08T12:34:56.000000Z"},"email_verified":null}}}}}},"x-code-samples":[{"lang":"Bash","source":"curl -X POST \"http:\/\/localhost\/api\/user\/register\" \n    -d \"firstname\"=\"!K*m-M{[\\2en\" \\\n    -d \"lastname\"=\"YLGFhy}0.2t]\" \\\n    -d \"username\"=\"*OGi@qyD[pe~\" \\\n    -d \"email\"=\"qxo3uKcx^8r.\" \\\n    -d \"gender\"=\"*69Eol|k)S_n\" \\\n    -d \"phone\"=\"~5\\M?:d7=nR0\" \\\n    -d \"password\"=\"Z#T\\NujpY<>]\" "},{"lang":"Javascript","source":"const url = new URL(\"http:\/\/localhost\/api\/user\/register\");\n\nlet headers = {\n    \"Accept\": \"application\/json\",\n    \"Content-Type\": \"application\/json\",\n}\n\nlet body = JSON.stringify({\n    \"firstname\": \"!K*m-M{[\\2en\",\n    \"lastname\": \"YLGFhy}0.2t]\",\n    \"username\": \"*OGi@qyD[pe~\",\n    \"email\": \"qxo3uKcx^8r.\",\n    \"gender\": \"*69Eol|k)S_n\",\n    \"phone\": \"~5\\M?:d7=nR0\",\n    \"password\": \"Z#T\\NujpY&lt;&gt;]\",\n})\n\nfetch(url, {\n    method: \"POST\",\n    headers: headers,\n    body: body\n})\n    .then(response => response.json())\n    .then(json => console.log(json));\n"},{"lang":"PHP","source":"$headers = [\n    \"Accept\" => \"application\/json\",\n    \"Content-Type\" => \"application\/json\",\n];\n\n$body = [\n    \"firstname\" =>  \"!K*m-M{[\\2en\",\n    \"lastname\" =>  \"YLGFhy}0.2t]\",\n    \"username\" =>  \"*OGi@qyD[pe~\",\n    \"email\" =>  \"qxo3uKcx^8r.\",\n    \"gender\" =>  \"*69Eol|k)S_n\",\n    \"phone\" =>  \"~5\\M?:d7=nR0\",\n    \"password\" =>  \"Z#T\\NujpY&lt;&gt;]\",\n];\n\n\n$ch = curl_init(\"http:\/\/localhost\/api\/user\/register\");\ncurl_setopt($ch, CURLOPT_CUSTOMREQUEST, \"POST\");\ncurl_setopt($ch, CURLOPT_POSTFIELDS, $body);\ncurl_setopt($ch, CURLOPT_HTTPHEADER, $headers);\ncurl_setopt($ch, CURLOPT_RETURNTRANSFER, true);\n\n$result = curl_exec($ch);\n$err = curl_error($ch);\ncurl_close($ch);\n\nif ($err) {\n  throw \\Exception($err);\n} else {\n  return $response;\n}\n"}]}},"\/api\/user\/check-username":{"get":{"tags":["general"],"operationId":"Check username availability.","description":"Checks if a username is available or already taken.","parameters":[],"responses":{"200":{"description":"success","content":{"application\/json":{"schema":{"type":"object","example":{"success":true,"message":"Username is available."}}}}}},"x-code-samples":[{"lang":"Bash","source":"curl -X GET -G \"http:\/\/localhost\/api\/user\/check-username\" \n    -d \"username\"=\"ZSS';>;K5HkW\" "},{"lang":"Javascript","source":"const url = new URL(\"http:\/\/localhost\/api\/user\/check-username\");\n\nlet headers = {\n    \"Accept\": \"application\/json\",\n    \"Content-Type\": \"application\/json\",\n}\n\nlet body = JSON.stringify({\n    \"username\": \"ZSS&#039;;&gt;;K5HkW\",\n})\n\nfetch(url, {\n    method: \"GET\",\n    headers: headers,\n    body: body\n})\n    .then(response => response.json())\n    .then(json => console.log(json));\n"},{"lang":"PHP","source":"$headers = [\n    \"Accept\" => \"application\/json\",\n    \"Content-Type\" => \"application\/json\",\n];\n\n$body = [\n    \"username\" =>  \"ZSS&#039;;&gt;;K5HkW\",\n];\n\n\n$ch = curl_init(\"http:\/\/localhost\/api\/user\/check-username\");\ncurl_setopt($ch, CURLOPT_HTTPHEADER, $headers);\ncurl_setopt($ch, CURLOPT_RETURNTRANSFER, true);\n\n$result = curl_exec($ch);\n$err = curl_error($ch);\ncurl_close($ch);\n\nif ($err) {\n  throw \\Exception($err);\n} else {\n  return $response;\n}\n"}]}},"\/api\/contact":{"post":{"tags":["general"],"operationId":"","description":"","requestBody":{"description":"","required":true,"content":{"application\/json":{"schema":{"type":"object"}}}},"parameters":[],"responses":{"200":{"description":"success","content":{"application\/json":{"schema":{"type":"object","example":{"error":{"name":["The name field is required."],"email":["The email field is required."],"subject":["The subject field is required."],"message":["The message field is required."]}}}}}}},"x-code-samples":[{"lang":"Bash","source":"curl -X POST \"http:\/\/localhost\/api\/contact\" \n"},{"lang":"Javascript","source":"const url = new URL(\"http:\/\/localhost\/api\/contact\");\n\nlet headers = {\n    \"Accept\": \"application\/json\",\n    \"Content-Type\": \"application\/json\",\n}\n\nfetch(url, {\n    method: \"POST\",\n    headers: headers,\n})\n    .then(response => response.json())\n    .then(json => console.log(json));\n"},{"lang":"PHP","source":"$headers = [\n    \"Accept\" => \"application\/json\",\n    \"Content-Type\" => \"application\/json\",\n];\n\n\n$ch = curl_init(\"http:\/\/localhost\/api\/contact\");\ncurl_setopt($ch, CURLOPT_CUSTOMREQUEST, \"POST\");\ncurl_setopt($ch, CURLOPT_HTTPHEADER, $headers);\ncurl_setopt($ch, CURLOPT_RETURNTRANSFER, true);\n\n$result = curl_exec($ch);\n$err = curl_error($ch);\ncurl_close($ch);\n\nif ($err) {\n  throw \\Exception($err);\n} else {\n  return $response;\n}\n"}]}},"\/api\/user\/send-forgot-password":{"post":{"tags":["general"],"operationId":"Send a verification code for password reset.","description":"Sends a verification code to the user's email address for password reset.","requestBody":{"description":"Sends a verification code to the user's email address for password reset.","required":true,"content":{"application\/json":{"schema":{"type":"object","required":["email"],"properties":{"email":{"type":"string","example":"Od`_*:#EK8|A","description":"The user's email address."}},"example":{"email":"Od`_*:#EK8|A"}}}}},"parameters":[],"responses":{"200":{"description":"success","content":{"application\/json":{"schema":{"type":"object","example":{"success":"Code sent"}}}}}},"x-code-samples":[{"lang":"Bash","source":"curl -X POST \"http:\/\/localhost\/api\/user\/send-forgot-password\" \n    -d \"email\"=\"Od`_*:#EK8|A\" "},{"lang":"Javascript","source":"const url = new URL(\"http:\/\/localhost\/api\/user\/send-forgot-password\");\n\nlet headers = {\n    \"Accept\": \"application\/json\",\n    \"Content-Type\": \"application\/json\",\n}\n\nlet body = JSON.stringify({\n    \"email\": \"Od`_*:#EK8|A\",\n})\n\nfetch(url, {\n    method: \"POST\",\n    headers: headers,\n    body: body\n})\n    .then(response => response.json())\n    .then(json => console.log(json));\n"},{"lang":"PHP","source":"$headers = [\n    \"Accept\" => \"application\/json\",\n    \"Content-Type\" => \"application\/json\",\n];\n\n$body = [\n    \"email\" =>  \"Od`_*:#EK8|A\",\n];\n\n\n$ch = curl_init(\"http:\/\/localhost\/api\/user\/send-forgot-password\");\ncurl_setopt($ch, CURLOPT_CUSTOMREQUEST, \"POST\");\ncurl_setopt($ch, CURLOPT_POSTFIELDS, $body);\ncurl_setopt($ch, CURLOPT_HTTPHEADER, $headers);\ncurl_setopt($ch, CURLOPT_RETURNTRANSFER, true);\n\n$result = curl_exec($ch);\n$err = curl_error($ch);\ncurl_close($ch);\n\nif ($err) {\n  throw \\Exception($err);\n} else {\n  return $response;\n}\n"}]}},"\/api\/user\/verify-password-code":{"post":{"tags":["general"],"operationId":"Check the verification code for password reset.","description":"Checks the verification code sent to the user's email address for password reset.","requestBody":{"description":"Checks the verification code sent to the user's email address for password reset.","required":true,"content":{"application\/json":{"schema":{"type":"object","required":["code","email"],"properties":{"code":{"type":"integer","example":5,"description":"The verification code (numeric)."},"email":{"type":"string","example":"G=+oI!=R1Z6,","description":"The user's email address."}},"example":{"code":5,"email":"G=+oI!=R1Z6,"}}}}},"parameters":[],"responses":{"200":{"description":"success","content":{"application\/json":{"schema":{"type":"object","example":{"success":"Code correct","auth_token":"GeneratedAuthToken"}}}}}},"x-code-samples":[{"lang":"Bash","source":"curl -X POST \"http:\/\/localhost\/api\/user\/verify-password-code\" \n    -d \"code\"=\"5\" \\\n    -d \"email\"=\"G=+oI!=R1Z6,\" "},{"lang":"Javascript","source":"const url = new URL(\"http:\/\/localhost\/api\/user\/verify-password-code\");\n\nlet headers = {\n    \"Accept\": \"application\/json\",\n    \"Content-Type\": \"application\/json\",\n}\n\nlet body = JSON.stringify({\n    \"code\": \"5\",\n    \"email\": \"G=+oI!=R1Z6,\",\n})\n\nfetch(url, {\n    method: \"POST\",\n    headers: headers,\n    body: body\n})\n    .then(response => response.json())\n    .then(json => console.log(json));\n"},{"lang":"PHP","source":"$headers = [\n    \"Accept\" => \"application\/json\",\n    \"Content-Type\" => \"application\/json\",\n];\n\n$body = [\n    \"code\" =>  \"5\",\n    \"email\" =>  \"G=+oI!=R1Z6,\",\n];\n\n\n$ch = curl_init(\"http:\/\/localhost\/api\/user\/verify-password-code\");\ncurl_setopt($ch, CURLOPT_CUSTOMREQUEST, \"POST\");\ncurl_setopt($ch, CURLOPT_POSTFIELDS, $body);\ncurl_setopt($ch, CURLOPT_HTTPHEADER, $headers);\ncurl_setopt($ch, CURLOPT_RETURNTRANSFER, true);\n\n$result = curl_exec($ch);\n$err = curl_error($ch);\ncurl_close($ch);\n\nif ($err) {\n  throw \\Exception($err);\n} else {\n  return $response;\n}\n"}]}},"\/api\/user\/change-password":{"post":{"tags":["general"],"operationId":"Change user password.","description":"Changes the user's password after verification.","requestBody":{"description":"Changes the user's password after verification.","required":true,"content":{"application\/json":{"schema":{"type":"object","required":["auth_token","new_password"],"properties":{"auth_token":{"type":"string","example":"|OK8rZ@[Bx_u","description":"The authentication token."},"new_password":{"type":"string","example":"qDxv}o=tl!`\\","description":"The new password (min: 8 characters)."}},"example":{"auth_token":"|OK8rZ@[Bx_u","new_password":"qDxv}o=tl!`\\"}}}}},"parameters":[],"responses":{"200":{"description":"success","content":{"application\/json":{"schema":{"type":"object","example":{"success":"Password changed successfully"}}}}}},"x-code-samples":[{"lang":"Bash","source":"curl -X POST \"http:\/\/localhost\/api\/user\/change-password\" \n    -d \"auth_token\"=\"|OK8rZ@[Bx_u\" \\\n    -d \"new_password\"=\"qDxv}o=tl!`\\\" "},{"lang":"Javascript","source":"const url = new URL(\"http:\/\/localhost\/api\/user\/change-password\");\n\nlet headers = {\n    \"Accept\": \"application\/json\",\n    \"Content-Type\": \"application\/json\",\n}\n\nlet body = JSON.stringify({\n    \"auth_token\": \"|OK8rZ@[Bx_u\",\n    \"new_password\": \"qDxv}o=tl!`\\\",\n})\n\nfetch(url, {\n    method: \"POST\",\n    headers: headers,\n    body: body\n})\n    .then(response => response.json())\n    .then(json => console.log(json));\n"},{"lang":"PHP","source":"$headers = [\n    \"Accept\" => \"application\/json\",\n    \"Content-Type\" => \"application\/json\",\n];\n\n$body = [\n    \"auth_token\" =>  \"|OK8rZ@[Bx_u\",\n    \"new_password\" =>  \"qDxv}o=tl!`\\\",\n];\n\n\n$ch = curl_init(\"http:\/\/localhost\/api\/user\/change-password\");\ncurl_setopt($ch, CURLOPT_CUSTOMREQUEST, \"POST\");\ncurl_setopt($ch, CURLOPT_POSTFIELDS, $body);\ncurl_setopt($ch, CURLOPT_HTTPHEADER, $headers);\ncurl_setopt($ch, CURLOPT_RETURNTRANSFER, true);\n\n$result = curl_exec($ch);\n$err = curl_error($ch);\ncurl_close($ch);\n\nif ($err) {\n  throw \\Exception($err);\n} else {\n  return $response;\n}\n"}]}},"\/api\/user\/get":{"get":{"tags":["general"],"operationId":"Get user information.","description":"Retrieves the information of the authenticated user.","parameters":[],"responses":{"200":{"description":"success","content":{"application\/json":{"schema":{"type":"object","example":{"success":"Retrieval success","user":{"id":1,"name":"John Doe","email":"john@example.com","created_at":"2023-07-06T00:00:00.000000Z","updated_at":"2023-07-06T00:00:00.000000Z"}}}}}}},"x-code-samples":[{"lang":"Bash","source":"curl -X GET -G \"http:\/\/localhost\/api\/user\/get\" \n"},{"lang":"Javascript","source":"const url = new URL(\"http:\/\/localhost\/api\/user\/get\");\n\nlet headers = {\n    \"Accept\": \"application\/json\",\n    \"Content-Type\": \"application\/json\",\n}\n\nfetch(url, {\n    method: \"GET\",\n    headers: headers,\n})\n    .then(response => response.json())\n    .then(json => console.log(json));\n"},{"lang":"PHP","source":"$headers = [\n    \"Accept\" => \"application\/json\",\n    \"Content-Type\" => \"application\/json\",\n];\n\n\n$ch = curl_init(\"http:\/\/localhost\/api\/user\/get\");\ncurl_setopt($ch, CURLOPT_HTTPHEADER, $headers);\ncurl_setopt($ch, CURLOPT_RETURNTRANSFER, true);\n\n$result = curl_exec($ch);\n$err = curl_error($ch);\ncurl_close($ch);\n\nif ($err) {\n  throw \\Exception($err);\n} else {\n  return $response;\n}\n"}]}},"\/api\/user\/get\/events":{"get":{"tags":["general"],"operationId":"Get user events.","description":"Retrieves the events associated with the authenticated user.","parameters":[],"responses":{"200":{"description":"success","content":{"application\/json":{"schema":{"type":"object","example":[]}}}}},"x-code-samples":[{"lang":"Bash","source":"curl -X GET -G \"http:\/\/localhost\/api\/user\/get\/events\" \n"},{"lang":"Javascript","source":"const url = new URL(\"http:\/\/localhost\/api\/user\/get\/events\");\n\nlet headers = {\n    \"Accept\": \"application\/json\",\n    \"Content-Type\": \"application\/json\",\n}\n\nfetch(url, {\n    method: \"GET\",\n    headers: headers,\n})\n    .then(response => response.json())\n    .then(json => console.log(json));\n"},{"lang":"PHP","source":"$headers = [\n    \"Accept\" => \"application\/json\",\n    \"Content-Type\" => \"application\/json\",\n];\n\n\n$ch = curl_init(\"http:\/\/localhost\/api\/user\/get\/events\");\ncurl_setopt($ch, CURLOPT_HTTPHEADER, $headers);\ncurl_setopt($ch, CURLOPT_RETURNTRANSFER, true);\n\n$result = curl_exec($ch);\n$err = curl_error($ch);\ncurl_close($ch);\n\nif ($err) {\n  throw \\Exception($err);\n} else {\n  return $response;\n}\n"}]}},"\/api\/user\/get\/notifications":{"get":{"tags":["general"],"operationId":"Get user notifications.","description":"Retrieves the notifications of the authenticated user.","parameters":[],"responses":{"200":{"description":"success","content":{"application\/json":{"schema":{"type":"object","example":[]}}}}},"x-code-samples":[{"lang":"Bash","source":"curl -X GET -G \"http:\/\/localhost\/api\/user\/get\/notifications\" \n"},{"lang":"Javascript","source":"const url = new URL(\"http:\/\/localhost\/api\/user\/get\/notifications\");\n\nlet headers = {\n    \"Accept\": \"application\/json\",\n    \"Content-Type\": \"application\/json\",\n}\n\nfetch(url, {\n    method: \"GET\",\n    headers: headers,\n})\n    .then(response => response.json())\n    .then(json => console.log(json));\n"},{"lang":"PHP","source":"$headers = [\n    \"Accept\" => \"application\/json\",\n    \"Content-Type\" => \"application\/json\",\n];\n\n\n$ch = curl_init(\"http:\/\/localhost\/api\/user\/get\/notifications\");\ncurl_setopt($ch, CURLOPT_HTTPHEADER, $headers);\ncurl_setopt($ch, CURLOPT_RETURNTRANSFER, true);\n\n$result = curl_exec($ch);\n$err = curl_error($ch);\ncurl_close($ch);\n\nif ($err) {\n  throw \\Exception($err);\n} else {\n  return $response;\n}\n"}]}},"\/api\/user\/edit\/profile-image":{"post":{"tags":["general"],"operationId":"Upload user profile image.","description":"Uploads and updates the profile image of the authenticated user.","requestBody":{"description":"Uploads and updates the profile image of the authenticated user.","required":true,"content":{"application\/json":{"schema":{"type":"object","properties":{"file":{"type":"profile_image","example":"n0=*Y<YC`M=W","description":"The user's profile image (required|image)"}},"example":{"file":"n0=*Y<YC`M=W"}}}}},"parameters":[],"responses":{"200":{"description":"success","content":{"application\/json":{"schema":{"type":"object","example":{"success":"Profile image uploaded successfully"}}}}}},"x-code-samples":[{"lang":"Bash","source":"curl -X POST \"http:\/\/localhost\/api\/user\/edit\/profile-image\" \n    -d \"file\"=\"n0=*Y<YC`M=W\" "},{"lang":"Javascript","source":"const url = new URL(\"http:\/\/localhost\/api\/user\/edit\/profile-image\");\n\nlet headers = {\n    \"Accept\": \"application\/json\",\n    \"Content-Type\": \"application\/json\",\n}\n\nlet body = JSON.stringify({\n    \"file\": \"n0=*Y&lt;YC`M=W\",\n})\n\nfetch(url, {\n    method: \"POST\",\n    headers: headers,\n    body: body\n})\n    .then(response => response.json())\n    .then(json => console.log(json));\n"},{"lang":"PHP","source":"$headers = [\n    \"Accept\" => \"application\/json\",\n    \"Content-Type\" => \"application\/json\",\n];\n\n$body = [\n    \"file\" =>  \"n0=*Y&lt;YC`M=W\",\n];\n\n\n$ch = curl_init(\"http:\/\/localhost\/api\/user\/edit\/profile-image\");\ncurl_setopt($ch, CURLOPT_CUSTOMREQUEST, \"POST\");\ncurl_setopt($ch, CURLOPT_POSTFIELDS, $body);\ncurl_setopt($ch, CURLOPT_HTTPHEADER, $headers);\ncurl_setopt($ch, CURLOPT_RETURNTRANSFER, true);\n\n$result = curl_exec($ch);\n$err = curl_error($ch);\ncurl_close($ch);\n\nif ($err) {\n  throw \\Exception($err);\n} else {\n  return $response;\n}\n"}]}},"\/api\/user\/edit\/profile":{"post":{"tags":["general"],"operationId":"Edit user information.","description":"Edits the information of the authenticated user.","requestBody":{"description":"Edits the information of the authenticated user.","required":true,"content":{"application\/json":{"schema":{"type":"object","properties":{"string":{"type":"gender","example":"kq3Gz$FIj{=<","description":"The user's gender (required)"}},"example":{"string":"kq3Gz$FIj{=<"}}}}},"parameters":[],"responses":{"200":{"description":"success","content":{"application\/json":{"schema":{"type":"object","example":{"success":true}}}}}},"x-code-samples":[{"lang":"Bash","source":"curl -X POST \"http:\/\/localhost\/api\/user\/edit\/profile\" \n    -d \"string\"=\"kq3Gz$FIj{=<\" "},{"lang":"Javascript","source":"const url = new URL(\"http:\/\/localhost\/api\/user\/edit\/profile\");\n\nlet headers = {\n    \"Accept\": \"application\/json\",\n    \"Content-Type\": \"application\/json\",\n}\n\nlet body = JSON.stringify({\n    \"string\": \"kq3Gz$FIj{=&lt;\",\n})\n\nfetch(url, {\n    method: \"POST\",\n    headers: headers,\n    body: body\n})\n    .then(response => response.json())\n    .then(json => console.log(json));\n"},{"lang":"PHP","source":"$headers = [\n    \"Accept\" => \"application\/json\",\n    \"Content-Type\" => \"application\/json\",\n];\n\n$body = [\n    \"string\" =>  \"kq3Gz$FIj{=&lt;\",\n];\n\n\n$ch = curl_init(\"http:\/\/localhost\/api\/user\/edit\/profile\");\ncurl_setopt($ch, CURLOPT_CUSTOMREQUEST, \"POST\");\ncurl_setopt($ch, CURLOPT_POSTFIELDS, $body);\ncurl_setopt($ch, CURLOPT_HTTPHEADER, $headers);\ncurl_setopt($ch, CURLOPT_RETURNTRANSFER, true);\n\n$result = curl_exec($ch);\n$err = curl_error($ch);\ncurl_close($ch);\n\nif ($err) {\n  throw \\Exception($err);\n} else {\n  return $response;\n}\n"}]}},"\/api\/user\/edit\/change-password":{"post":{"tags":["general"],"operationId":"Change user password.","description":"Changes the password of the authenticated user.","requestBody":{"description":"Changes the password of the authenticated user.","required":true,"content":{"application\/json":{"schema":{"type":"object","properties":{"string":{"type":"password_confirmation","example":"xVpI[!cO{lx>","description":"The confirmation of the new password (required)"}},"example":{"string":"xVpI[!cO{lx>"}}}}},"parameters":[],"responses":{"200":{"description":"success","content":{"application\/json":{"schema":{"type":"object","example":{"success":true}}}}}},"x-code-samples":[{"lang":"Bash","source":"curl -X POST \"http:\/\/localhost\/api\/user\/edit\/change-password\" \n    -d \"string\"=\"xVpI[!cO{lx>\" "},{"lang":"Javascript","source":"const url = new URL(\"http:\/\/localhost\/api\/user\/edit\/change-password\");\n\nlet headers = {\n    \"Accept\": \"application\/json\",\n    \"Content-Type\": \"application\/json\",\n}\n\nlet body = JSON.stringify({\n    \"string\": \"xVpI[!cO{lx&gt;\",\n})\n\nfetch(url, {\n    method: \"POST\",\n    headers: headers,\n    body: body\n})\n    .then(response => response.json())\n    .then(json => console.log(json));\n"},{"lang":"PHP","source":"$headers = [\n    \"Accept\" => \"application\/json\",\n    \"Content-Type\" => \"application\/json\",\n];\n\n$body = [\n    \"string\" =>  \"xVpI[!cO{lx&gt;\",\n];\n\n\n$ch = curl_init(\"http:\/\/localhost\/api\/user\/edit\/change-password\");\ncurl_setopt($ch, CURLOPT_CUSTOMREQUEST, \"POST\");\ncurl_setopt($ch, CURLOPT_POSTFIELDS, $body);\ncurl_setopt($ch, CURLOPT_HTTPHEADER, $headers);\ncurl_setopt($ch, CURLOPT_RETURNTRANSFER, true);\n\n$result = curl_exec($ch);\n$err = curl_error($ch);\ncurl_close($ch);\n\nif ($err) {\n  throw \\Exception($err);\n} else {\n  return $response;\n}\n"}]}},"\/api\/user\/send-email-ver":{"post":{"tags":["general"],"operationId":"Send a verification code via email.","description":"Sends a verification code to the user's email address for email verification.","requestBody":{"description":"Sends a verification code to the user's email address for email verification.","required":true,"content":{"application\/json":{"schema":{"type":"object","properties":{"code":{"type":"integer","example":12,"description":"A numeric verification code (required)"}},"example":{"code":12}}}}},"parameters":[],"responses":{"200":{"description":"success","content":{"application\/json":{"schema":{"type":"object","example":{"success":"Code sent"}}}}}},"x-code-samples":[{"lang":"Bash","source":"curl -X POST \"http:\/\/localhost\/api\/user\/send-email-ver\" \n    -d \"code\"=\"12\" "},{"lang":"Javascript","source":"const url = new URL(\"http:\/\/localhost\/api\/user\/send-email-ver\");\n\nlet headers = {\n    \"Accept\": \"application\/json\",\n    \"Content-Type\": \"application\/json\",\n}\n\nlet body = JSON.stringify({\n    \"code\": \"12\",\n})\n\nfetch(url, {\n    method: \"POST\",\n    headers: headers,\n    body: body\n})\n    .then(response => response.json())\n    .then(json => console.log(json));\n"},{"lang":"PHP","source":"$headers = [\n    \"Accept\" => \"application\/json\",\n    \"Content-Type\" => \"application\/json\",\n];\n\n$body = [\n    \"code\" =>  \"12\",\n];\n\n\n$ch = curl_init(\"http:\/\/localhost\/api\/user\/send-email-ver\");\ncurl_setopt($ch, CURLOPT_CUSTOMREQUEST, \"POST\");\ncurl_setopt($ch, CURLOPT_POSTFIELDS, $body);\ncurl_setopt($ch, CURLOPT_HTTPHEADER, $headers);\ncurl_setopt($ch, CURLOPT_RETURNTRANSFER, true);\n\n$result = curl_exec($ch);\n$err = curl_error($ch);\ncurl_close($ch);\n\nif ($err) {\n  throw \\Exception($err);\n} else {\n  return $response;\n}\n"}]}},"\/api\/user\/verify-code":{"post":{"tags":["general"],"operationId":"Verify the email verification code.","description":"Verifies the email verification code sent to the user's email address.","requestBody":{"description":"Verifies the email verification code sent to the user's email address.","required":true,"content":{"application\/json":{"schema":{"type":"object","properties":{"code":{"type":"integer","example":19,"description":"The verification code (numeric) (required)"}},"example":{"code":19}}}}},"parameters":[],"responses":{"200":{"description":"success","content":{"application\/json":{"schema":{"type":"object","example":{"success":"E-mail verification successful"}}}}}},"x-code-samples":[{"lang":"Bash","source":"curl -X POST \"http:\/\/localhost\/api\/user\/verify-code\" \n    -d \"code\"=\"19\" "},{"lang":"Javascript","source":"const url = new URL(\"http:\/\/localhost\/api\/user\/verify-code\");\n\nlet headers = {\n    \"Accept\": \"application\/json\",\n    \"Content-Type\": \"application\/json\",\n}\n\nlet body = JSON.stringify({\n    \"code\": \"19\",\n})\n\nfetch(url, {\n    method: \"POST\",\n    headers: headers,\n    body: body\n})\n    .then(response => response.json())\n    .then(json => console.log(json));\n"},{"lang":"PHP","source":"$headers = [\n    \"Accept\" => \"application\/json\",\n    \"Content-Type\" => \"application\/json\",\n];\n\n$body = [\n    \"code\" =>  \"19\",\n];\n\n\n$ch = curl_init(\"http:\/\/localhost\/api\/user\/verify-code\");\ncurl_setopt($ch, CURLOPT_CUSTOMREQUEST, \"POST\");\ncurl_setopt($ch, CURLOPT_POSTFIELDS, $body);\ncurl_setopt($ch, CURLOPT_HTTPHEADER, $headers);\ncurl_setopt($ch, CURLOPT_RETURNTRANSFER, true);\n\n$result = curl_exec($ch);\n$err = curl_error($ch);\ncurl_close($ch);\n\nif ($err) {\n  throw \\Exception($err);\n} else {\n  return $response;\n}\n"}]}},"\/api\/event\/featured":{"get":{"tags":["general"],"operationId":"Get featured events.","description":"Retrieves a list of featured events, sorted randomly.","parameters":[],"responses":{"200":{"description":"success","content":{"application\/json":{"schema":{"type":"object","example":{"success":true,"events":[{"id":1,"title":"Event 1","startDate":"2023-07-07","endDate":"2023-07-08","description":"Sample event 1 description"},{"id":2,"title":"Event 2","startDate":"2023-07-09","endDate":"2023-07-10","description":"Sample event 2 description"}]}}}}}},"x-code-samples":[{"lang":"Bash","source":"curl -X GET -G \"http:\/\/localhost\/api\/event\/featured\" \n"},{"lang":"Javascript","source":"const url = new URL(\"http:\/\/localhost\/api\/event\/featured\");\n\nlet headers = {\n    \"Accept\": \"application\/json\",\n    \"Content-Type\": \"application\/json\",\n}\n\nfetch(url, {\n    method: \"GET\",\n    headers: headers,\n})\n    .then(response => response.json())\n    .then(json => console.log(json));\n"},{"lang":"PHP","source":"$headers = [\n    \"Accept\" => \"application\/json\",\n    \"Content-Type\" => \"application\/json\",\n];\n\n\n$ch = curl_init(\"http:\/\/localhost\/api\/event\/featured\");\ncurl_setopt($ch, CURLOPT_HTTPHEADER, $headers);\ncurl_setopt($ch, CURLOPT_RETURNTRANSFER, true);\n\n$result = curl_exec($ch);\n$err = curl_error($ch);\ncurl_close($ch);\n\nif ($err) {\n  throw \\Exception($err);\n} else {\n  return $response;\n}\n"}]}},"\/api\/event\/promoted":{"get":{"tags":["general"],"operationId":"Get promoted events.","description":"Retrieves a list of promoted events, sorted randomly.","parameters":[],"responses":{"200":{"description":"success","content":{"application\/json":{"schema":{"type":"object","example":{"success":true,"events":[{"id":1,"title":"Event 1","startDate":"2023-07-07","endDate":"2023-07-08","description":"Sample event 1 description"},{"id":2,"title":"Event 2","startDate":"2023-07-09","endDate":"2023-07-10","description":"Sample event 2 description"}]}}}}}},"x-code-samples":[{"lang":"Bash","source":"curl -X GET -G \"http:\/\/localhost\/api\/event\/promoted\" \n"},{"lang":"Javascript","source":"const url = new URL(\"http:\/\/localhost\/api\/event\/promoted\");\n\nlet headers = {\n    \"Accept\": \"application\/json\",\n    \"Content-Type\": \"application\/json\",\n}\n\nfetch(url, {\n    method: \"GET\",\n    headers: headers,\n})\n    .then(response => response.json())\n    .then(json => console.log(json));\n"},{"lang":"PHP","source":"$headers = [\n    \"Accept\" => \"application\/json\",\n    \"Content-Type\" => \"application\/json\",\n];\n\n\n$ch = curl_init(\"http:\/\/localhost\/api\/event\/promoted\");\ncurl_setopt($ch, CURLOPT_HTTPHEADER, $headers);\ncurl_setopt($ch, CURLOPT_RETURNTRANSFER, true);\n\n$result = curl_exec($ch);\n$err = curl_error($ch);\ncurl_close($ch);\n\nif ($err) {\n  throw \\Exception($err);\n} else {\n  return $response;\n}\n"}]}},"\/api\/event\/list":{"get":{"tags":["general"],"operationId":"List events.","description":"Retrieves a list of recent events sorted by date.","parameters":[],"responses":{"200":{"description":"success","content":{"application\/json":{"schema":{"type":"object","example":{"success":true,"events":[{"id":1,"title":"Event 1","startDate":"2023-07-07","endDate":"2023-07-08","description":"Sample event 1 description","category":"Category 1"},{"id":2,"title":"Event 2","startDate":"2023-07-09","endDate":"2023-07-10","description":"Sample event 2 description","category":"Category 2"}]}}}}}},"x-code-samples":[{"lang":"Bash","source":"curl -X GET -G \"http:\/\/localhost\/api\/event\/list\" \n"},{"lang":"Javascript","source":"const url = new URL(\"http:\/\/localhost\/api\/event\/list\");\n\nlet headers = {\n    \"Accept\": \"application\/json\",\n    \"Content-Type\": \"application\/json\",\n}\n\nfetch(url, {\n    method: \"GET\",\n    headers: headers,\n})\n    .then(response => response.json())\n    .then(json => console.log(json));\n"},{"lang":"PHP","source":"$headers = [\n    \"Accept\" => \"application\/json\",\n    \"Content-Type\" => \"application\/json\",\n];\n\n\n$ch = curl_init(\"http:\/\/localhost\/api\/event\/list\");\ncurl_setopt($ch, CURLOPT_HTTPHEADER, $headers);\ncurl_setopt($ch, CURLOPT_RETURNTRANSFER, true);\n\n$result = curl_exec($ch);\n$err = curl_error($ch);\ncurl_close($ch);\n\nif ($err) {\n  throw \\Exception($err);\n} else {\n  return $response;\n}\n"}]}},"\/api\/event\/get\/{event_id}":{"get":{"tags":["general"],"operationId":"Get event by ID.","description":"Retrieves an event based on its unique ID.","parameters":[],"responses":{"200":{"description":"success","content":{"application\/json":{"schema":{"type":"object","example":{"success":"Event Found","event":{"id":10,"title":"Sample Event","startDate":"2023-07-07","endDate":"2023-07-08","description":"Sample event description","tickets":[{"id":1,"type":"General","price":10},{"id":2,"type":"VIP","price":50}],"comments":[{"id":1,"user":"John Doe","message":"Great event!"},{"id":2,"user":"Jane Smith","message":"Looking forward to it!"}]}}}}}}},"x-code-samples":[{"lang":"Bash","source":"curl -X GET -G \"http:\/\/localhost\/api\/event\/get\/{event_id}\" \n"},{"lang":"Javascript","source":"const url = new URL(\"http:\/\/localhost\/api\/event\/get\/{event_id}\");\n\nlet headers = {\n    \"Accept\": \"application\/json\",\n    \"Content-Type\": \"application\/json\",\n}\n\nfetch(url, {\n    method: \"GET\",\n    headers: headers,\n})\n    .then(response => response.json())\n    .then(json => console.log(json));\n"},{"lang":"PHP","source":"$headers = [\n    \"Accept\" => \"application\/json\",\n    \"Content-Type\" => \"application\/json\",\n];\n\n\n$ch = curl_init(\"http:\/\/localhost\/api\/event\/get\/{event_id}\");\ncurl_setopt($ch, CURLOPT_HTTPHEADER, $headers);\ncurl_setopt($ch, CURLOPT_RETURNTRANSFER, true);\n\n$result = curl_exec($ch);\n$err = curl_error($ch);\ncurl_close($ch);\n\nif ($err) {\n  throw \\Exception($err);\n} else {\n  return $response;\n}\n"}]}},"\/api\/user\/follow-user":{"post":{"tags":["general"],"operationId":"","description":"","requestBody":{"description":"","required":true,"content":{"application\/json":{"schema":{"type":"object"}}}},"parameters":[],"responses":{"200":{"description":"success","content":{"application\/json":{"schema":{"type":"object","example":{"message":"Unauthenticated."}}}}}},"x-code-samples":[{"lang":"Bash","source":"curl -X POST \"http:\/\/localhost\/api\/user\/follow-user\" \n"},{"lang":"Javascript","source":"const url = new URL(\"http:\/\/localhost\/api\/user\/follow-user\");\n\nlet headers = {\n    \"Accept\": \"application\/json\",\n    \"Content-Type\": \"application\/json\",\n}\n\nfetch(url, {\n    method: \"POST\",\n    headers: headers,\n})\n    .then(response => response.json())\n    .then(json => console.log(json));\n"},{"lang":"PHP","source":"$headers = [\n    \"Accept\" => \"application\/json\",\n    \"Content-Type\" => \"application\/json\",\n];\n\n\n$ch = curl_init(\"http:\/\/localhost\/api\/user\/follow-user\");\ncurl_setopt($ch, CURLOPT_CUSTOMREQUEST, \"POST\");\ncurl_setopt($ch, CURLOPT_HTTPHEADER, $headers);\ncurl_setopt($ch, CURLOPT_RETURNTRANSFER, true);\n\n$result = curl_exec($ch);\n$err = curl_error($ch);\ncurl_close($ch);\n\nif ($err) {\n  throw \\Exception($err);\n} else {\n  return $response;\n}\n"}]}},"\/api\/user\/unfollow-user":{"post":{"tags":["general"],"operationId":"","description":"","requestBody":{"description":"","required":true,"content":{"application\/json":{"schema":{"type":"object"}}}},"parameters":[],"responses":{"200":{"description":"success","content":{"application\/json":{"schema":{"type":"object","example":{"message":"Unauthenticated."}}}}}},"x-code-samples":[{"lang":"Bash","source":"curl -X POST \"http:\/\/localhost\/api\/user\/unfollow-user\" \n"},{"lang":"Javascript","source":"const url = new URL(\"http:\/\/localhost\/api\/user\/unfollow-user\");\n\nlet headers = {\n    \"Accept\": \"application\/json\",\n    \"Content-Type\": \"application\/json\",\n}\n\nfetch(url, {\n    method: \"POST\",\n    headers: headers,\n})\n    .then(response => response.json())\n    .then(json => console.log(json));\n"},{"lang":"PHP","source":"$headers = [\n    \"Accept\" => \"application\/json\",\n    \"Content-Type\" => \"application\/json\",\n];\n\n\n$ch = curl_init(\"http:\/\/localhost\/api\/user\/unfollow-user\");\ncurl_setopt($ch, CURLOPT_CUSTOMREQUEST, \"POST\");\ncurl_setopt($ch, CURLOPT_HTTPHEADER, $headers);\ncurl_setopt($ch, CURLOPT_RETURNTRANSFER, true);\n\n$result = curl_exec($ch);\n$err = curl_error($ch);\ncurl_close($ch);\n\nif ($err) {\n  throw \\Exception($err);\n} else {\n  return $response;\n}\n"}]}},"\/api\/event\/create":{"post":{"tags":["general"],"operationId":"Create a new event.","description":"Creates a new event with the provided data.","requestBody":{"description":"Creates a new event with the provided data.","required":true,"content":{"application\/json":{"schema":{"type":"object","required":["title","startDate","endDate","description","cover_image","categories","type","visibility"],"properties":{"title":{"type":"string","example":"%;\"Bt!f9^\/Zs","description":"The title of the event."},"startDate":{"type":"string","example":"l|:Ab'1|rIv&","description":"The start date of the event (format: Y-m-d)."},"endDate":{"type":"string","example":"AcBcZ>hXUs'F","description":"The end date of the event (format: Y-m-d)."},"description":{"type":"string","example":"w$8MpU]a+|qd","description":"The description of the event."},"cover_image":{"type":"string","example":"vk;]5x=VI2h.","description":"The base64-encoded string of the event's cover image."},"categories":{"type":"array","example":"[]","description":"The array of category IDs associated with the event."},"type":{"type":"string","example":"Gaw&yBR^C<D2","description":"The type of the event."},"visibility":{"type":"string","example":"\/=idl4(SZ%A&","description":"The visibility of the event."},"extra_images":{"type":"array|null","example":"v@\/ddz&=\\.ii","description":"The array of base64-encoded strings of additional images for the event."},"tags":{"type":"string|null","example":"%Vlak,\"E]l<^","description":"The tags associated with the event."}},"example":{"title":"%;\"Bt!f9^\/Zs","startDate":"l|:Ab'1|rIv&","endDate":"AcBcZ>hXUs'F","description":"w$8MpU]a+|qd","cover_image":"vk;]5x=VI2h.","categories":"[]","type":"Gaw&yBR^C<D2","visibility":"\/=idl4(SZ%A&","extra_images":"v@\/ddz&=\\.ii","tags":"%Vlak,\"E]l<^"}}}}},"parameters":[],"responses":{"200":{"description":"success","content":{"application\/json":{"schema":{"type":"object","example":{"success":"Event created successfully","event":{"id":3}}}}}}},"x-code-samples":[{"lang":"Bash","source":"curl -X POST \"http:\/\/localhost\/api\/event\/create\" \n    -d \"title\"=\"%;\"Bt!f9^\/Zs\" \\\n    -d \"startDate\"=\"l|:Ab'1|rIv&\" \\\n    -d \"endDate\"=\"AcBcZ>hXUs'F\" \\\n    -d \"description\"=\"w$8MpU]a+|qd\" \\\n    -d \"cover_image\"=\"vk;]5x=VI2h.\" \\\n    -d \"categories\"=\"[]\" \\\n    -d \"type\"=\"Gaw&yBR^C<D2\" \\\n    -d \"visibility\"=\"\/=idl4(SZ%A&\" \\\n    -d \"extra_images\"=\"v@\/ddz&=\\.ii\" \\\n    -d \"tags\"=\"%Vlak,\"E]l<^\" "},{"lang":"Javascript","source":"const url = new URL(\"http:\/\/localhost\/api\/event\/create\");\n\nlet headers = {\n    \"Accept\": \"application\/json\",\n    \"Content-Type\": \"application\/json\",\n}\n\nlet body = JSON.stringify({\n    \"title\": \"%;&quot;Bt!f9^\/Zs\",\n    \"startDate\": \"l|:Ab&#039;1|rIv&amp;\",\n    \"endDate\": \"AcBcZ&gt;hXUs&#039;F\",\n    \"description\": \"w$8MpU]a+|qd\",\n    \"cover_image\": \"vk;]5x=VI2h.\",\n    \"categories\": \"[]\",\n    \"type\": \"Gaw&amp;yBR^C&lt;D2\",\n    \"visibility\": \"\/=idl4(SZ%A&amp;\",\n    \"extra_images\": \"v@\/ddz&amp;=\\.ii\",\n    \"tags\": \"%Vlak,&quot;E]l&lt;^\",\n})\n\nfetch(url, {\n    method: \"POST\",\n    headers: headers,\n    body: body\n})\n    .then(response => response.json())\n    .then(json => console.log(json));\n"},{"lang":"PHP","source":"$headers = [\n    \"Accept\" => \"application\/json\",\n    \"Content-Type\" => \"application\/json\",\n];\n\n$body = [\n    \"title\" =>  \"%;&quot;Bt!f9^\/Zs\",\n    \"startDate\" =>  \"l|:Ab&#039;1|rIv&amp;\",\n    \"endDate\" =>  \"AcBcZ&gt;hXUs&#039;F\",\n    \"description\" =>  \"w$8MpU]a+|qd\",\n    \"cover_image\" =>  \"vk;]5x=VI2h.\",\n    \"categories\" => \"json_decode([], true)\",\n    \"type\" =>  \"Gaw&amp;yBR^C&lt;D2\",\n    \"visibility\" =>  \"\/=idl4(SZ%A&amp;\",\n    \"extra_images\" =>  \"v@\/ddz&amp;=\\.ii\",\n    \"tags\" =>  \"%Vlak,&quot;E]l&lt;^\",\n];\n\n\n$ch = curl_init(\"http:\/\/localhost\/api\/event\/create\");\ncurl_setopt($ch, CURLOPT_CUSTOMREQUEST, \"POST\");\ncurl_setopt($ch, CURLOPT_POSTFIELDS, $body);\ncurl_setopt($ch, CURLOPT_HTTPHEADER, $headers);\ncurl_setopt($ch, CURLOPT_RETURNTRANSFER, true);\n\n$result = curl_exec($ch);\n$err = curl_error($ch);\ncurl_close($ch);\n\nif ($err) {\n  throw \\Exception($err);\n} else {\n  return $response;\n}\n"}]}},"\/api\/event\/create\/test":{"post":{"tags":["general"],"operationId":"","description":"","requestBody":{"description":"","required":true,"content":{"application\/json":{"schema":{"type":"object"}}}},"parameters":[],"responses":{"200":{"description":"success","content":{"application\/json":{"schema":{"type":"object","example":{"message":"Unauthenticated."}}}}}},"x-code-samples":[{"lang":"Bash","source":"curl -X POST \"http:\/\/localhost\/api\/event\/create\/test\" \n"},{"lang":"Javascript","source":"const url = new URL(\"http:\/\/localhost\/api\/event\/create\/test\");\n\nlet headers = {\n    \"Accept\": \"application\/json\",\n    \"Content-Type\": \"application\/json\",\n}\n\nfetch(url, {\n    method: \"POST\",\n    headers: headers,\n})\n    .then(response => response.json())\n    .then(json => console.log(json));\n"},{"lang":"PHP","source":"$headers = [\n    \"Accept\" => \"application\/json\",\n    \"Content-Type\" => \"application\/json\",\n];\n\n\n$ch = curl_init(\"http:\/\/localhost\/api\/event\/create\/test\");\ncurl_setopt($ch, CURLOPT_CUSTOMREQUEST, \"POST\");\ncurl_setopt($ch, CURLOPT_HTTPHEADER, $headers);\ncurl_setopt($ch, CURLOPT_RETURNTRANSFER, true);\n\n$result = curl_exec($ch);\n$err = curl_error($ch);\ncurl_close($ch);\n\nif ($err) {\n  throw \\Exception($err);\n} else {\n  return $response;\n}\n"}]}},"\/api\/event\/edit\/{id}":{"post":{"tags":["general"],"operationId":"Edit an event.","description":"Edits an existing event with the provided data.","requestBody":{"description":"Edits an existing event with the provided data.","required":true,"content":{"application\/json":{"schema":{"type":"object","required":["title","startDate","endDate","description","cover_image","type","visibility","categories","tags"],"properties":{"title":{"type":"string","example":",dR<Gawwj4h#","description":"The title of the event."},"startDate":{"type":"string","example":"w;:TeKx}!6G:","description":"The start date of the event (format: Y-m-d)."},"endDate":{"type":"string","example":":]6VAfrfB(Pa","description":"The end date of the event (format: Y-m-d)."},"description":{"type":"string","example":"#{>DLPb-#n5J","description":"The description of the event."},"cover_image":{"type":"string","example":"U=3T5q`G=aIx","description":"The base64-encoded string of the event's cover image."},"type":{"type":"string","example":"H[&n8!JXQ%\"B","description":"The type of the event."},"visibility":{"type":"string","example":"nYSIJvh9KgcS","description":"The visibility of the event."},"categories":{"type":"array","example":"[]","description":"The array of category IDs associated with the event."},"extra_images":{"type":"array|null","example":"wU=+14iJ+8eh","description":"The array of base64-encoded strings of additional images for the event."},"tags":{"type":"string","example":"N)Ds\"Cw<7@;k","description":"The tags associated with the event."}},"example":{"title":",dR<Gawwj4h#","startDate":"w;:TeKx}!6G:","endDate":":]6VAfrfB(Pa","description":"#{>DLPb-#n5J","cover_image":"U=3T5q`G=aIx","type":"H[&n8!JXQ%\"B","visibility":"nYSIJvh9KgcS","categories":"[]","extra_images":"wU=+14iJ+8eh","tags":"N)Ds\"Cw<7@;k"}}}}},"parameters":[],"responses":{"200":{"description":"success","content":{"application\/json":{"schema":{"type":"object","example":{"success":"Event edited"}}}}}},"x-code-samples":[{"lang":"Bash","source":"curl -X POST \"http:\/\/localhost\/api\/event\/edit\/{id}\" \n    -d \"title\"=\",dR<Gawwj4h#\" \\\n    -d \"startDate\"=\"w;:TeKx}!6G:\" \\\n    -d \"endDate\"=\":]6VAfrfB(Pa\" \\\n    -d \"description\"=\"#{>DLPb-#n5J\" \\\n    -d \"cover_image\"=\"U=3T5q`G=aIx\" \\\n    -d \"type\"=\"H[&n8!JXQ%\"B\" \\\n    -d \"visibility\"=\"nYSIJvh9KgcS\" \\\n    -d \"categories\"=\"[]\" \\\n    -d \"extra_images\"=\"wU=+14iJ+8eh\" \\\n    -d \"tags\"=\"N)Ds\"Cw<7@;k\" "},{"lang":"Javascript","source":"const url = new URL(\"http:\/\/localhost\/api\/event\/edit\/{id}\");\n\nlet headers = {\n    \"Accept\": \"application\/json\",\n    \"Content-Type\": \"application\/json\",\n}\n\nlet body = JSON.stringify({\n    \"title\": \",dR&lt;Gawwj4h#\",\n    \"startDate\": \"w;:TeKx}!6G:\",\n    \"endDate\": \":]6VAfrfB(Pa\",\n    \"description\": \"#{&gt;DLPb-#n5J\",\n    \"cover_image\": \"U=3T5q`G=aIx\",\n    \"type\": \"H[&amp;n8!JXQ%&quot;B\",\n    \"visibility\": \"nYSIJvh9KgcS\",\n    \"categories\": \"[]\",\n    \"extra_images\": \"wU=+14iJ+8eh\",\n    \"tags\": \"N)Ds&quot;Cw&lt;7@;k\",\n})\n\nfetch(url, {\n    method: \"POST\",\n    headers: headers,\n    body: body\n})\n    .then(response => response.json())\n    .then(json => console.log(json));\n"},{"lang":"PHP","source":"$headers = [\n    \"Accept\" => \"application\/json\",\n    \"Content-Type\" => \"application\/json\",\n];\n\n$body = [\n    \"title\" =>  \",dR&lt;Gawwj4h#\",\n    \"startDate\" =>  \"w;:TeKx}!6G:\",\n    \"endDate\" =>  \":]6VAfrfB(Pa\",\n    \"description\" =>  \"#{&gt;DLPb-#n5J\",\n    \"cover_image\" =>  \"U=3T5q`G=aIx\",\n    \"type\" =>  \"H[&amp;n8!JXQ%&quot;B\",\n    \"visibility\" =>  \"nYSIJvh9KgcS\",\n    \"categories\" => \"json_decode([], true)\",\n    \"extra_images\" =>  \"wU=+14iJ+8eh\",\n    \"tags\" =>  \"N)Ds&quot;Cw&lt;7@;k\",\n];\n\n\n$ch = curl_init(\"http:\/\/localhost\/api\/event\/edit\/{id}\");\ncurl_setopt($ch, CURLOPT_CUSTOMREQUEST, \"POST\");\ncurl_setopt($ch, CURLOPT_POSTFIELDS, $body);\ncurl_setopt($ch, CURLOPT_HTTPHEADER, $headers);\ncurl_setopt($ch, CURLOPT_RETURNTRANSFER, true);\n\n$result = curl_exec($ch);\n$err = curl_error($ch);\ncurl_close($ch);\n\nif ($err) {\n  throw \\Exception($err);\n} else {\n  return $response;\n}\n"}]}},"\/api\/event\/crew\/add":{"post":{"tags":["general"],"operationId":"Add crew member to event.","description":"Adds a crew member to the specified event.","requestBody":{"description":"Adds a crew member to the specified event.","required":true,"content":{"application\/json":{"schema":{"type":"object","required":["event_id","username"],"properties":{"event_id":{"type":"integer","example":1,"description":"The ID of the event."},"username":{"type":"string","example":"john_doe","description":"The username of the crew member."}},"example":{"event_id":1,"username":"john_doe"}}}}},"parameters":[],"responses":{"200":{"description":"success","content":{"application\/json":{"schema":{"type":"object","example":{"success":"Crew invite created"}}}}}},"x-code-samples":[{"lang":"Bash","source":"curl -X POST \"http:\/\/localhost\/api\/event\/crew\/add\" \n    -d \"event_id\"=\"1\" \\\n    -d \"username\"=\"john_doe\" "},{"lang":"Javascript","source":"const url = new URL(\"http:\/\/localhost\/api\/event\/crew\/add\");\n\nlet headers = {\n    \"Accept\": \"application\/json\",\n    \"Content-Type\": \"application\/json\",\n}\n\nlet body = JSON.stringify({\n    \"event_id\": \"1\",\n    \"username\": \"john_doe\",\n})\n\nfetch(url, {\n    method: \"POST\",\n    headers: headers,\n    body: body\n})\n    .then(response => response.json())\n    .then(json => console.log(json));\n"},{"lang":"PHP","source":"$headers = [\n    \"Accept\" => \"application\/json\",\n    \"Content-Type\" => \"application\/json\",\n];\n\n$body = [\n    \"event_id\" =>  \"1\",\n    \"username\" =>  \"john_doe\",\n];\n\n\n$ch = curl_init(\"http:\/\/localhost\/api\/event\/crew\/add\");\ncurl_setopt($ch, CURLOPT_CUSTOMREQUEST, \"POST\");\ncurl_setopt($ch, CURLOPT_POSTFIELDS, $body);\ncurl_setopt($ch, CURLOPT_HTTPHEADER, $headers);\ncurl_setopt($ch, CURLOPT_RETURNTRANSFER, true);\n\n$result = curl_exec($ch);\n$err = curl_error($ch);\ncurl_close($ch);\n\nif ($err) {\n  throw \\Exception($err);\n} else {\n  return $response;\n}\n"}]}},"\/api\/event\/crew\/delete":{"post":{"tags":["general"],"operationId":"Remove crew member from event.","description":"Removes a crew member from the specified event.","requestBody":{"description":"Removes a crew member from the specified event.","required":true,"content":{"application\/json":{"schema":{"type":"object","required":["crew_id"],"properties":{"crew_id":{"type":"integer","example":1,"description":"The ID of the crew member."}},"example":{"crew_id":1}}}}},"parameters":[],"responses":{"200":{"description":"success","content":{"application\/json":{"schema":{"type":"object","example":{"success":"Crew entry deleted"}}}}}},"x-code-samples":[{"lang":"Bash","source":"curl -X POST \"http:\/\/localhost\/api\/event\/crew\/delete\" \n    -d \"crew_id\"=\"1\" "},{"lang":"Javascript","source":"const url = new URL(\"http:\/\/localhost\/api\/event\/crew\/delete\");\n\nlet headers = {\n    \"Accept\": \"application\/json\",\n    \"Content-Type\": \"application\/json\",\n}\n\nlet body = JSON.stringify({\n    \"crew_id\": \"1\",\n})\n\nfetch(url, {\n    method: \"POST\",\n    headers: headers,\n    body: body\n})\n    .then(response => response.json())\n    .then(json => console.log(json));\n"},{"lang":"PHP","source":"$headers = [\n    \"Accept\" => \"application\/json\",\n    \"Content-Type\" => \"application\/json\",\n];\n\n$body = [\n    \"crew_id\" =>  \"1\",\n];\n\n\n$ch = curl_init(\"http:\/\/localhost\/api\/event\/crew\/delete\");\ncurl_setopt($ch, CURLOPT_CUSTOMREQUEST, \"POST\");\ncurl_setopt($ch, CURLOPT_POSTFIELDS, $body);\ncurl_setopt($ch, CURLOPT_HTTPHEADER, $headers);\ncurl_setopt($ch, CURLOPT_RETURNTRANSFER, true);\n\n$result = curl_exec($ch);\n$err = curl_error($ch);\ncurl_close($ch);\n\nif ($err) {\n  throw \\Exception($err);\n} else {\n  return $response;\n}\n"}]}},"\/api\/event\/search":{"get":{"tags":["general"],"operationId":"Search events.","description":"Searches for events based on the provided query.","parameters":[{"in":"query","name":"q","description":"The search query.","required":false,"schema":{"type":"string","example":"{irlE(u1*SH0"}}],"responses":{"200":{"description":"success","content":{"application\/json":{"schema":{"type":"object","example":{"events":[{"id":1,"title":"Event 1","startDate":"2023-07-07","endDate":"2023-07-08","description":"Sample event 1 description"},{"id":2,"title":"Event 2","startDate":"2023-07-09","endDate":"2023-07-10","description":"Sample event 2 description"}]}}}}}},"x-code-samples":[{"lang":"Bash","source":"curl -X GET -G \"http:\/\/localhost\/api\/event\/search\" \n"},{"lang":"Javascript","source":"const url = new URL(\"http:\/\/localhost\/api\/event\/search\");\n\nlet params = {\n    \"q\": \"{irlE(u1*SH0\",\n};\n\nObject.keys(params).forEach(key => url.searchParams.append(key, params[key]));\n\nlet headers = {\n    \"Accept\": \"application\/json\",\n    \"Content-Type\": \"application\/json\",\n}\n\nfetch(url, {\n    method: \"GET\",\n    headers: headers,\n})\n    .then(response => response.json())\n    .then(json => console.log(json));\n"},{"lang":"PHP","source":"$headers = [\n    \"Accept\" => \"application\/json\",\n    \"Content-Type\" => \"application\/json\",\n];\n\n$query = [\n    \"q\" => \"{irlE(u1*SH0\",\n];\n\n\n$ch = curl_init(\"http:\/\/localhost\/api\/event\/search?\" . http_build_query($data));\ncurl_setopt($ch, CURLOPT_HTTPHEADER, $headers);\ncurl_setopt($ch, CURLOPT_RETURNTRANSFER, true);\n\n$result = curl_exec($ch);\n$err = curl_error($ch);\ncurl_close($ch);\n\nif ($err) {\n  throw \\Exception($err);\n} else {\n  return $response;\n}\n"}]}},"\/api\/category\/all":{"get":{"tags":["general"],"operationId":"","description":"","parameters":[],"responses":{"200":{"description":"success","content":{"application\/json":{"schema":{"type":"object","example":{"message":"Unauthenticated."}}}}}},"x-code-samples":[{"lang":"Bash","source":"curl -X GET -G \"http:\/\/localhost\/api\/category\/all\" \n"},{"lang":"Javascript","source":"const url = new URL(\"http:\/\/localhost\/api\/category\/all\");\n\nlet headers = {\n    \"Accept\": \"application\/json\",\n    \"Content-Type\": \"application\/json\",\n}\n\nfetch(url, {\n    method: \"GET\",\n    headers: headers,\n})\n    .then(response => response.json())\n    .then(json => console.log(json));\n"},{"lang":"PHP","source":"$headers = [\n    \"Accept\" => \"application\/json\",\n    \"Content-Type\" => \"application\/json\",\n];\n\n\n$ch = curl_init(\"http:\/\/localhost\/api\/category\/all\");\ncurl_setopt($ch, CURLOPT_HTTPHEADER, $headers);\ncurl_setopt($ch, CURLOPT_RETURNTRANSFER, true);\n\n$result = curl_exec($ch);\n$err = curl_error($ch);\ncurl_close($ch);\n\nif ($err) {\n  throw \\Exception($err);\n} else {\n  return $response;\n}\n"}]}},"\/api\/category\/events\/{slug}":{"get":{"tags":["general"],"operationId":"","description":"","parameters":[],"responses":{"200":{"description":"success","content":{"application\/json":{"schema":{"type":"object","example":{"message":"Unauthenticated."}}}}}},"x-code-samples":[{"lang":"Bash","source":"curl -X GET -G \"http:\/\/localhost\/api\/category\/events\/{slug}\" \n"},{"lang":"Javascript","source":"const url = new URL(\"http:\/\/localhost\/api\/category\/events\/{slug}\");\n\nlet headers = {\n    \"Accept\": \"application\/json\",\n    \"Content-Type\": \"application\/json\",\n}\n\nfetch(url, {\n    method: \"GET\",\n    headers: headers,\n})\n    .then(response => response.json())\n    .then(json => console.log(json));\n"},{"lang":"PHP","source":"$headers = [\n    \"Accept\" => \"application\/json\",\n    \"Content-Type\" => \"application\/json\",\n];\n\n\n$ch = curl_init(\"http:\/\/localhost\/api\/category\/events\/{slug}\");\ncurl_setopt($ch, CURLOPT_HTTPHEADER, $headers);\ncurl_setopt($ch, CURLOPT_RETURNTRANSFER, true);\n\n$result = curl_exec($ch);\n$err = curl_error($ch);\ncurl_close($ch);\n\nif ($err) {\n  throw \\Exception($err);\n} else {\n  return $response;\n}\n"}]}},"\/api\/event\/comments\/get\/{event_id}":{"post":{"tags":["general"],"operationId":"Get event by ID.","description":"Retrieves an event based on its unique ID.","requestBody":{"description":"Retrieves an event based on its unique ID.","required":true,"content":{"application\/json":{"schema":{"type":"object"}}}},"parameters":[],"responses":{"200":{"description":"success","content":{"application\/json":{"schema":{"type":"object","example":{"success":"Event Found","event":{"id":10,"title":"Sample Event","startDate":"2023-07-07","endDate":"2023-07-08","description":"Sample event description","tickets":[{"id":1,"type":"General","price":10},{"id":2,"type":"VIP","price":50}],"comments":[{"id":1,"user":"John Doe","message":"Great event!"},{"id":2,"user":"Jane Smith","message":"Looking forward to it!"}]}}}}}}},"x-code-samples":[{"lang":"Bash","source":"curl -X POST \"http:\/\/localhost\/api\/event\/comments\/get\/{event_id}\" \n"},{"lang":"Javascript","source":"const url = new URL(\"http:\/\/localhost\/api\/event\/comments\/get\/{event_id}\");\n\nlet headers = {\n    \"Accept\": \"application\/json\",\n    \"Content-Type\": \"application\/json\",\n}\n\nfetch(url, {\n    method: \"POST\",\n    headers: headers,\n})\n    .then(response => response.json())\n    .then(json => console.log(json));\n"},{"lang":"PHP","source":"$headers = [\n    \"Accept\" => \"application\/json\",\n    \"Content-Type\" => \"application\/json\",\n];\n\n\n$ch = curl_init(\"http:\/\/localhost\/api\/event\/comments\/get\/{event_id}\");\ncurl_setopt($ch, CURLOPT_CUSTOMREQUEST, \"POST\");\ncurl_setopt($ch, CURLOPT_HTTPHEADER, $headers);\ncurl_setopt($ch, CURLOPT_RETURNTRANSFER, true);\n\n$result = curl_exec($ch);\n$err = curl_error($ch);\ncurl_close($ch);\n\nif ($err) {\n  throw \\Exception($err);\n} else {\n  return $response;\n}\n"}]}},"\/api\/event\/comments\/create":{"post":{"tags":["general"],"operationId":"","description":"","requestBody":{"description":"","required":true,"content":{"application\/json":{"schema":{"type":"object"}}}},"parameters":[],"responses":{"200":{"description":"success","content":{"application\/json":{"schema":{"type":"object","example":{"message":"Unauthenticated."}}}}}},"x-code-samples":[{"lang":"Bash","source":"curl -X POST \"http:\/\/localhost\/api\/event\/comments\/create\" \n"},{"lang":"Javascript","source":"const url = new URL(\"http:\/\/localhost\/api\/event\/comments\/create\");\n\nlet headers = {\n    \"Accept\": \"application\/json\",\n    \"Content-Type\": \"application\/json\",\n}\n\nfetch(url, {\n    method: \"POST\",\n    headers: headers,\n})\n    .then(response => response.json())\n    .then(json => console.log(json));\n"},{"lang":"PHP","source":"$headers = [\n    \"Accept\" => \"application\/json\",\n    \"Content-Type\" => \"application\/json\",\n];\n\n\n$ch = curl_init(\"http:\/\/localhost\/api\/event\/comments\/create\");\ncurl_setopt($ch, CURLOPT_CUSTOMREQUEST, \"POST\");\ncurl_setopt($ch, CURLOPT_HTTPHEADER, $headers);\ncurl_setopt($ch, CURLOPT_RETURNTRANSFER, true);\n\n$result = curl_exec($ch);\n$err = curl_error($ch);\ncurl_close($ch);\n\nif ($err) {\n  throw \\Exception($err);\n} else {\n  return $response;\n}\n"}]}},"\/api\/event\/tickets\/create":{"post":{"tags":["general"],"operationId":"Create a new event ticket.","description":"Creates a new event ticket associated with the specified event.","requestBody":{"description":"Creates a new event ticket associated with the specified event.","required":true,"content":{"application\/json":{"schema":{"type":"object","required":["event_id","name","price","capacity","cover_image","description"],"properties":{"event_id":{"type":"integer","example":10,"description":"The ID of the associated event."},"name":{"type":"string","example":"%7hl>3ndL?-V","description":"The name of the ticket."},"price":{"type":"number","example":6195.52675329,"description":"The price of the ticket."},"capacity":{"type":"integer","example":12,"description":"The capacity of the ticket."},"cover_image":{"type":"file","example":")0cdL{\"FHBSy","description":"The cover image for the ticket."},"description":{"type":"string","example":"v*m=s%nSHR,a","description":"The description of the ticket."}},"example":{"event_id":10,"name":"%7hl>3ndL?-V","price":6195.52675329,"capacity":12,"cover_image":")0cdL{\"FHBSy","description":"v*m=s%nSHR,a"}}}}},"parameters":[],"responses":{"200":{"description":"success","content":{"application\/json":{"schema":{"type":"object","example":{"success":"Ticket Added Successfully"}}}}}},"x-code-samples":[{"lang":"Bash","source":"curl -X POST \"http:\/\/localhost\/api\/event\/tickets\/create\" \n    -d \"event_id\"=\"10\" \\\n    -d \"name\"=\"%7hl>3ndL?-V\" \\\n    -d \"price\"=\"6195.52675329\" \\\n    -d \"capacity\"=\"12\" \\\n    -d \"cover_image\"=\")0cdL{\"FHBSy\" \\\n    -d \"description\"=\"v*m=s%nSHR,a\" "},{"lang":"Javascript","source":"const url = new URL(\"http:\/\/localhost\/api\/event\/tickets\/create\");\n\nlet headers = {\n    \"Accept\": \"application\/json\",\n    \"Content-Type\": \"application\/json\",\n}\n\nlet body = JSON.stringify({\n    \"event_id\": \"10\",\n    \"name\": \"%7hl&gt;3ndL?-V\",\n    \"price\": \"6195.52675329\",\n    \"capacity\": \"12\",\n    \"cover_image\": \")0cdL{&quot;FHBSy\",\n    \"description\": \"v*m=s%nSHR,a\",\n})\n\nfetch(url, {\n    method: \"POST\",\n    headers: headers,\n    body: body\n})\n    .then(response => response.json())\n    .then(json => console.log(json));\n"},{"lang":"PHP","source":"$headers = [\n    \"Accept\" => \"application\/json\",\n    \"Content-Type\" => \"application\/json\",\n];\n\n$body = [\n    \"event_id\" =>  \"10\",\n    \"name\" =>  \"%7hl&gt;3ndL?-V\",\n    \"price\" =>  \"6195.52675329\",\n    \"capacity\" =>  \"12\",\n    \"cover_image\" =>  \")0cdL{&quot;FHBSy\",\n    \"description\" =>  \"v*m=s%nSHR,a\",\n];\n\n\n$ch = curl_init(\"http:\/\/localhost\/api\/event\/tickets\/create\");\ncurl_setopt($ch, CURLOPT_CUSTOMREQUEST, \"POST\");\ncurl_setopt($ch, CURLOPT_POSTFIELDS, $body);\ncurl_setopt($ch, CURLOPT_HTTPHEADER, $headers);\ncurl_setopt($ch, CURLOPT_RETURNTRANSFER, true);\n\n$result = curl_exec($ch);\n$err = curl_error($ch);\ncurl_close($ch);\n\nif ($err) {\n  throw \\Exception($err);\n} else {\n  return $response;\n}\n"}]}},"\/api\/event\/tickets\/delete\/{id}":{"post":{"tags":["general"],"operationId":"Delete an event ticket.","description":"Deletes the specified event ticket.","requestBody":{"description":"Deletes the specified event ticket.","required":true,"content":{"application\/json":{"schema":{"type":"object"}}}},"parameters":[],"responses":{"200":{"description":"success","content":{"application\/json":{"schema":{"type":"object","example":{"success":"Ticket Deleted"}}}}}},"x-code-samples":[{"lang":"Bash","source":"curl -X POST \"http:\/\/localhost\/api\/event\/tickets\/delete\/{id}\" \n"},{"lang":"Javascript","source":"const url = new URL(\"http:\/\/localhost\/api\/event\/tickets\/delete\/{id}\");\n\nlet headers = {\n    \"Accept\": \"application\/json\",\n    \"Content-Type\": \"application\/json\",\n}\n\nfetch(url, {\n    method: \"POST\",\n    headers: headers,\n})\n    .then(response => response.json())\n    .then(json => console.log(json));\n"},{"lang":"PHP","source":"$headers = [\n    \"Accept\" => \"application\/json\",\n    \"Content-Type\" => \"application\/json\",\n];\n\n\n$ch = curl_init(\"http:\/\/localhost\/api\/event\/tickets\/delete\/{id}\");\ncurl_setopt($ch, CURLOPT_CUSTOMREQUEST, \"POST\");\ncurl_setopt($ch, CURLOPT_HTTPHEADER, $headers);\ncurl_setopt($ch, CURLOPT_RETURNTRANSFER, true);\n\n$result = curl_exec($ch);\n$err = curl_error($ch);\ncurl_close($ch);\n\nif ($err) {\n  throw \\Exception($err);\n} else {\n  return $response;\n}\n"}]}},"\/api\/event\/tickets\/edit\/{id}":{"post":{"tags":["general"],"operationId":"Edit an event ticket.","description":"Edits the details of the specified event ticket.","requestBody":{"description":"Edits the details of the specified event ticket.","required":true,"content":{"application\/json":{"schema":{"type":"object","required":["name","price","capacity","cover_image","description"],"properties":{"name":{"type":"string","example":"*U+WBnot.X\/;","description":"The name of the ticket."},"price":{"type":"number","example":13324.8556031,"description":"The price of the ticket."},"capacity":{"type":"integer","example":14,"description":"The capacity of the ticket."},"cover_image":{"type":"file","example":"Zkn3Cs?d+`%M","description":"The cover image for the ticket."},"description":{"type":"string","example":"d*qY}lAt8\/Se","description":"The description of the ticket."}},"example":{"name":"*U+WBnot.X\/;","price":13324.8556031,"capacity":14,"cover_image":"Zkn3Cs?d+`%M","description":"d*qY}lAt8\/Se"}}}}},"parameters":[],"responses":{"200":{"description":"success","content":{"application\/json":{"schema":{"type":"object","example":{"success":"Ticket Edited Successfully"}}}}}},"x-code-samples":[{"lang":"Bash","source":"curl -X POST \"http:\/\/localhost\/api\/event\/tickets\/edit\/{id}\" \n    -d \"name\"=\"*U+WBnot.X\/;\" \\\n    -d \"price\"=\"13324.8556031\" \\\n    -d \"capacity\"=\"14\" \\\n    -d \"cover_image\"=\"Zkn3Cs?d+`%M\" \\\n    -d \"description\"=\"d*qY}lAt8\/Se\" "},{"lang":"Javascript","source":"const url = new URL(\"http:\/\/localhost\/api\/event\/tickets\/edit\/{id}\");\n\nlet headers = {\n    \"Accept\": \"application\/json\",\n    \"Content-Type\": \"application\/json\",\n}\n\nlet body = JSON.stringify({\n    \"name\": \"*U+WBnot.X\/;\",\n    \"price\": \"13324.8556031\",\n    \"capacity\": \"14\",\n    \"cover_image\": \"Zkn3Cs?d+`%M\",\n    \"description\": \"d*qY}lAt8\/Se\",\n})\n\nfetch(url, {\n    method: \"POST\",\n    headers: headers,\n    body: body\n})\n    .then(response => response.json())\n    .then(json => console.log(json));\n"},{"lang":"PHP","source":"$headers = [\n    \"Accept\" => \"application\/json\",\n    \"Content-Type\" => \"application\/json\",\n];\n\n$body = [\n    \"name\" =>  \"*U+WBnot.X\/;\",\n    \"price\" =>  \"13324.8556031\",\n    \"capacity\" =>  \"14\",\n    \"cover_image\" =>  \"Zkn3Cs?d+`%M\",\n    \"description\" =>  \"d*qY}lAt8\/Se\",\n];\n\n\n$ch = curl_init(\"http:\/\/localhost\/api\/event\/tickets\/edit\/{id}\");\ncurl_setopt($ch, CURLOPT_CUSTOMREQUEST, \"POST\");\ncurl_setopt($ch, CURLOPT_POSTFIELDS, $body);\ncurl_setopt($ch, CURLOPT_HTTPHEADER, $headers);\ncurl_setopt($ch, CURLOPT_RETURNTRANSFER, true);\n\n$result = curl_exec($ch);\n$err = curl_error($ch);\ncurl_close($ch);\n\nif ($err) {\n  throw \\Exception($err);\n} else {\n  return $response;\n}\n"}]}},"\/api\/event\/tickets\/purchase":{"post":{"tags":["general"],"operationId":"Purchase event ticket.","description":"Generates a payment link for purchasing an event ticket.","requestBody":{"description":"Generates a payment link for purchasing an event ticket.","required":true,"content":{"application\/json":{"schema":{"type":"object","required":["event_ticket_id"],"properties":{"event_ticket_id":{"type":"integer","example":1,"description":"The ID of the event ticket."}},"example":{"event_ticket_id":1}}}}},"parameters":[],"responses":{"200":{"description":"success","content":{"application\/json":{"schema":{"type":"object","example":{"success":"Payment Link generated","payment_url":"https:\/\/example.com\/paystack-url"}}}}}},"x-code-samples":[{"lang":"Bash","source":"curl -X POST \"http:\/\/localhost\/api\/event\/tickets\/purchase\" \n    -d \"event_ticket_id\"=\"1\" "},{"lang":"Javascript","source":"const url = new URL(\"http:\/\/localhost\/api\/event\/tickets\/purchase\");\n\nlet headers = {\n    \"Accept\": \"application\/json\",\n    \"Content-Type\": \"application\/json\",\n}\n\nlet body = JSON.stringify({\n    \"event_ticket_id\": \"1\",\n})\n\nfetch(url, {\n    method: \"POST\",\n    headers: headers,\n    body: body\n})\n    .then(response => response.json())\n    .then(json => console.log(json));\n"},{"lang":"PHP","source":"$headers = [\n    \"Accept\" => \"application\/json\",\n    \"Content-Type\" => \"application\/json\",\n];\n\n$body = [\n    \"event_ticket_id\" =>  \"1\",\n];\n\n\n$ch = curl_init(\"http:\/\/localhost\/api\/event\/tickets\/purchase\");\ncurl_setopt($ch, CURLOPT_CUSTOMREQUEST, \"POST\");\ncurl_setopt($ch, CURLOPT_POSTFIELDS, $body);\ncurl_setopt($ch, CURLOPT_HTTPHEADER, $headers);\ncurl_setopt($ch, CURLOPT_RETURNTRANSFER, true);\n\n$result = curl_exec($ch);\n$err = curl_error($ch);\ncurl_close($ch);\n\nif ($err) {\n  throw \\Exception($err);\n} else {\n  return $response;\n}\n"}]}},"\/api\/event\/tickets\/validate":{"post":{"tags":["general"],"operationId":"Validate event ticket.","description":"Validates the provided event ticket code.","requestBody":{"description":"Validates the provided event ticket code.","required":true,"content":{"application\/json":{"schema":{"type":"object"}}}},"parameters":[],"responses":{"200":{"description":"success","content":{"application\/json":{"schema":{"type":"object","example":{"success":"Ticket has been validated successfully"}}}}}},"x-code-samples":[{"lang":"Bash","source":"curl -X POST \"http:\/\/localhost\/api\/event\/tickets\/validate\" \n"},{"lang":"Javascript","source":"const url = new URL(\"http:\/\/localhost\/api\/event\/tickets\/validate\");\n\nlet headers = {\n    \"Accept\": \"application\/json\",\n    \"Content-Type\": \"application\/json\",\n}\n\nfetch(url, {\n    method: \"POST\",\n    headers: headers,\n})\n    .then(response => response.json())\n    .then(json => console.log(json));\n"},{"lang":"PHP","source":"$headers = [\n    \"Accept\" => \"application\/json\",\n    \"Content-Type\" => \"application\/json\",\n];\n\n\n$ch = curl_init(\"http:\/\/localhost\/api\/event\/tickets\/validate\");\ncurl_setopt($ch, CURLOPT_CUSTOMREQUEST, \"POST\");\ncurl_setopt($ch, CURLOPT_HTTPHEADER, $headers);\ncurl_setopt($ch, CURLOPT_RETURNTRANSFER, true);\n\n$result = curl_exec($ch);\n$err = curl_error($ch);\ncurl_close($ch);\n\nif ($err) {\n  throw \\Exception($err);\n} else {\n  return $response;\n}\n"}]}},"\/api\/event\/withdraw":{"post":{"tags":["general"],"operationId":"","description":"","requestBody":{"description":"","required":true,"content":{"application\/json":{"schema":{"type":"object"}}}},"parameters":[],"responses":{"200":{"description":"success","content":{"application\/json":{"schema":{"type":"object","example":{"message":"Unauthenticated."}}}}}},"x-code-samples":[{"lang":"Bash","source":"curl -X POST \"http:\/\/localhost\/api\/event\/withdraw\" \n"},{"lang":"Javascript","source":"const url = new URL(\"http:\/\/localhost\/api\/event\/withdraw\");\n\nlet headers = {\n    \"Accept\": \"application\/json\",\n    \"Content-Type\": \"application\/json\",\n}\n\nfetch(url, {\n    method: \"POST\",\n    headers: headers,\n})\n    .then(response => response.json())\n    .then(json => console.log(json));\n"},{"lang":"PHP","source":"$headers = [\n    \"Accept\" => \"application\/json\",\n    \"Content-Type\" => \"application\/json\",\n];\n\n\n$ch = curl_init(\"http:\/\/localhost\/api\/event\/withdraw\");\ncurl_setopt($ch, CURLOPT_CUSTOMREQUEST, \"POST\");\ncurl_setopt($ch, CURLOPT_HTTPHEADER, $headers);\ncurl_setopt($ch, CURLOPT_RETURNTRANSFER, true);\n\n$result = curl_exec($ch);\n$err = curl_error($ch);\ncurl_close($ch);\n\nif ($err) {\n  throw \\Exception($err);\n} else {\n  return $response;\n}\n"}]}},"\/api\/event\/ticket\/payment\/paystack\/{user_id}\/{event_ticket_id}":{"get":{"tags":["general"],"operationId":"Validate payment for event ticket.","description":"Validates the payment for a purchased event ticket.","parameters":[],"responses":{"200":{"description":"success","content":{"application\/json":{"schema":{"type":"object","example":{"success":"Ticket created successfully"}}}}}},"x-code-samples":[{"lang":"Bash","source":"curl -X GET -G \"http:\/\/localhost\/api\/event\/ticket\/payment\/paystack\/{user_id}\/{event_ticket_id}\" \n"},{"lang":"Javascript","source":"const url = new URL(\"http:\/\/localhost\/api\/event\/ticket\/payment\/paystack\/{user_id}\/{event_ticket_id}\");\n\nlet headers = {\n    \"Accept\": \"application\/json\",\n    \"Content-Type\": \"application\/json\",\n}\n\nfetch(url, {\n    method: \"GET\",\n    headers: headers,\n})\n    .then(response => response.json())\n    .then(json => console.log(json));\n"},{"lang":"PHP","source":"$headers = [\n    \"Accept\" => \"application\/json\",\n    \"Content-Type\" => \"application\/json\",\n];\n\n\n$ch = curl_init(\"http:\/\/localhost\/api\/event\/ticket\/payment\/paystack\/{user_id}\/{event_ticket_id}\");\ncurl_setopt($ch, CURLOPT_HTTPHEADER, $headers);\ncurl_setopt($ch, CURLOPT_RETURNTRANSFER, true);\n\n$result = curl_exec($ch);\n$err = curl_error($ch);\ncurl_close($ch);\n\nif ($err) {\n  throw \\Exception($err);\n} else {\n  return $response;\n}\n"}]}}},"x-tagGroups":[]}